New,Car,2023-10-03
Used,Car,2021-10-02
Used,Car,2019-10-03
Used,Car,2015-10-03
New,Light_Commercial_Vehicle,2023-10-05
Used,Light_Commercial_Vehicle,2020-07-06
New,MotorCycle,2023-10-06
Used,MotorCycle,2021-09-08
New,Scooters,2023-12-04
Used,Scooters,2018-06-04
New,Horse_Trailers,2023-12-04
Used,Horse_Trailers,2018-06-04
New,Horse_Box_Motor,2023-10-05
Used,Horse_Box_Motor,2021-09-08
New,Horse Box Motor,2023-10-05
Used,Horse Box Motor,2021-09-08
New,Trailers,2023-10-05
Used,Trailers,2021-09-08
New,Motor Caravans,2023-10-07
Used,Motor Caravans,2021-09-08
New,Touring Caravans,2023-10-08
Used,Touring Caravans,2021-09-08
Used,Touring Caravans,2021-09-08
New,Taxi,2023-10-04
Used,Taxi,2021-09-08
New,Holiday Homes,2023-10-01
Used,Holiday Homes,2021-09-06
Used,Touring Caravans,2021-09-02
Used,Touring Caravans,2021-09-08
Spaces,Off Road Bikes,2022-10-03
Spaces,Quad Bikes,2023-10-06
